{
    "train": [
        {
            "f1": 0.1482782391753931,
            "loss": 0.2263995333000867
        }
    ],
    "valid": [
        {
            "f1": 0.46940486169321044,
            "loss": 0.1729050806977532
        }
    ]
}